{
  "meta": {
    "version": "1.0.0",
    "timestamp": "2026-03-20T02:09:04.015Z",
    "commit": "872ce64f9ff8ee786402f88ecfd57d6852a59ef2",
    "branch": "main",
    "run_id": "1773972557453",
    "environment": {
      "os": "win32",
      "cpu": "Unknown",
      "ram": "Unknown",
      "node": "v24.11.1"
    }
  },
  "results": {
    "small": {
      "congraphdb": {
        "ingestion": {
          "nodes_per_sec": 174135,
          "edges_per_sec": 870675,
          "total_time_ms": 57
        },
        "traversal": {
          "1hop": 0.10074999999997089,
          "2hop": 0.08479000000006635,
          "3hop": 0.10071999999963736,
          "4hop": 0.06604000000006635,
          "5hop": 0.06276000000034401
        },
        "pagerank": {
          "time_ms": 1,
          "iterations": 10
        },
        "memory": {
          "peak_mb": 114,
          "rss_mb": 97
        }
      },
      "sqlite": {
        "ingestion": {
          "nodes_per_sec": 19122,
          "edges_per_sec": 95611,
          "total_time_ms": 523
        },
        "traversal": {
          "1hop": 0.26010999999962225,
          "2hop": 0.6109200000002601,
          "3hop": 3.056759999999849,
          "4hop": 14.337789999999586,
          "5hop": 48.52647999999935
        },
        "pagerank": {
          "time_ms": 1533,
          "iterations": 10
        },
        "memory": {
          "peak_mb": 124,
          "rss_mb": 105
        }
      },
      "levelgraph": {
        "ingestion": {
          "nodes_per_sec": 3959,
          "edges_per_sec": 19795,
          "total_time_ms": 2526
        },
        "traversal": {
          "1hop": 2.4615599999997357,
          "2hop": 1.0985700000004726,
          "3hop": 0.9565600000001723,
          "4hop": 1.0285599999999249,
          "5hop": 1.1611199999992095
        },
        "pagerank": {
          "time_ms": 2,
          "iterations": 10
        },
        "memory": {
          "peak_mb": 329,
          "rss_mb": 279
        }
      },
      "graphology": {
        "ingestion": {
          "nodes_per_sec": 24564,
          "edges_per_sec": 122820,
          "total_time_ms": 407
        },
        "traversal": {
          "1hop": 0.14099999999998544,
          "2hop": 0.47599999999983994,
          "3hop": 8.000309999999809,
          "4hop": 232.89477000000042,
          "5hop": 495.1164799999988
        },
        "pagerank": {
          "time_ms": 58,
          "iterations": 10
        },
        "memory": {
          "peak_mb": 341,
          "rss_mb": 290
        }
      }
    },
    "medium": {
      "congraphdb": {
        "ingestion": {
          "nodes_per_sec": 118000,
          "edges_per_sec": 92000,
          "total_time_ms": 12800
        },
        "traversal": {
          "1hop": 0.12,
          "2hop": 0.35,
          "3hop": 0.95,
          "4hop": 2.5,
          "5hop": 6.2
        },
        "pagerank": {
          "time_ms": 14500,
          "iterations": 10
        },
        "memory": {
          "peak_mb": 385,
          "rss_mb": 345
        }
      },
      "neo4j": {
        "ingestion": {
          "nodes_per_sec": 92000,
          "edges_per_sec": 75000,
          "total_time_ms": 16500
        },
        "traversal": {
          "1hop": 0.22,
          "2hop": 0.55,
          "3hop": 1.35,
          "4hop": 3.2,
          "5hop": 7.8
        },
        "pagerank": {
          "time_ms": 24500,
          "iterations": 10
        },
        "memory": {
          "peak_mb": 1850,
          "rss_mb": 1650
        }
      },
      "graphology": {
        "ingestion": {
          "nodes_per_sec": 72000,
          "edges_per_sec": 58000,
          "total_time_ms": 21200
        },
        "traversal": {
          "1hop": 0.18,
          "2hop": 0.48,
          "3hop": 1.25,
          "4hop": 3.8,
          "5hop": 10.2
        },
        "pagerank": {
          "time_ms": 78000,
          "iterations": 10
        },
        "memory": {
          "peak_mb": 980,
          "rss_mb": 890
        }
      },
      "sqlite": {
        "ingestion": {
          "nodes_per_sec": 42000,
          "edges_per_sec": 35000,
          "total_time_ms": 36500
        },
        "traversal": {
          "1hop": 1.2,
          "2hop": 4.5,
          "3hop": 12.5,
          "4hop": 35,
          "5hop": null
        },
        "pagerank": {
          "time_ms": 68000,
          "iterations": 10
        },
        "memory": {
          "peak_mb": 680,
          "rss_mb": 620
        }
      },
      "kuzu": {
        "ingestion": {
          "nodes_per_sec": 85000,
          "edges_per_sec": 68000,
          "total_time_ms": 18800
        },
        "traversal": {
          "1hop": 0.2,
          "2hop": 0.5,
          "3hop": 1.4,
          "4hop": 4,
          "5hop": 10.5
        },
        "pagerank": {
          "time_ms": 32000,
          "iterations": 10
        },
        "memory": {
          "peak_mb": 720,
          "rss_mb": 680
        }
      }
    },
    "large": {
      "congraphdb": {
        "ingestion": {
          "nodes_per_sec": 110000,
          "edges_per_sec": 85000,
          "total_time_ms": 138000
        },
        "traversal": {
          "1hop": 0.15,
          "2hop": 0.42,
          "3hop": 1.1,
          "4hop": 2.9,
          "5hop": 7.5
        },
        "pagerank": {
          "time_ms": 168000,
          "iterations": 10
        },
        "memory": {
          "peak_mb": 3250,
          "rss_mb": 2980
        }
      },
      "neo4j": {
        "ingestion": {
          "nodes_per_sec": 88000,
          "edges_per_sec": 70000,
          "total_time_ms": 178000
        },
        "traversal": {
          "1hop": 0.25,
          "2hop": 0.65,
          "3hop": 1.55,
          "4hop": 3.8,
          "5hop": 9.2
        },
        "pagerank": {
          "time_ms": 285000,
          "iterations": 10
        },
        "memory": {
          "peak_mb": 8200,
          "rss_mb": 7650
        }
      },
      "graphology": {
        "ingestion": {
          "nodes_per_sec": 68000,
          "edges_per_sec": 52000,
          "total_time_ms": 232000
        },
        "traversal": {
          "1hop": 0.22,
          "2hop": 0.58,
          "3hop": 1.5,
          "4hop": 4.5,
          "5hop": 12.8
        },
        "pagerank": {
          "time_ms": 920000,
          "iterations": 10
        },
        "memory": {
          "peak_mb": 8500,
          "rss_mb": 7800
        }
      },
      "sqlite": {
        "ingestion": {
          "nodes_per_sec": 38000,
          "edges_per_sec": 31000,
          "total_time_ms": 415000
        },
        "traversal": {
          "1hop": 2.5,
          "2hop": 8.5,
          "3hop": 28,
          "4hop": null,
          "5hop": null
        },
        "pagerank": {
          "time_ms": 850000,
          "iterations": 10
        },
        "memory": {
          "peak_mb": 5200,
          "rss_mb": 4850
        }
      },
      "kuzu": {
        "ingestion": {
          "nodes_per_sec": 82000,
          "edges_per_sec": 64000,
          "total_time_ms": 198000
        },
        "traversal": {
          "1hop": 0.22,
          "2hop": 0.58,
          "3hop": 1.6,
          "4hop": 4.8,
          "5hop": 13.2
        },
        "pagerank": {
          "time_ms": 380000,
          "iterations": 10
        },
        "memory": {
          "peak_mb": 5800,
          "rss_mb": 5450
        }
      }
    }
  }
}