{
  "meta": {
    "version": "1.0.0",
    "timestamp": "2026-03-18T11:19:00.875Z",
    "commit": "5a7d3303a353f7d8e524e3963ae1d06b70d1b075",
    "branch": "main",
    "run_id": "1773832758960",
    "environment": {
      "os": "win32",
      "cpu": "Unknown",
      "ram": "Unknown",
      "node": "v24.11.1"
    }
  },
  "results": {
    "small": {
      "congraphdb": {
        "ingestion": {
          "nodes_per_sec": 158311,
          "edges_per_sec": 791555,
          "total_time_ms": 63
        },
        "traversal": {
          "1hop": 0.09905000000035216,
          "2hop": 0.07417000000059489,
          "3hop": 0.07045999999972992,
          "4hop": 0.07420999999994819,
          "5hop": 0.06428999999989174
        },
        "pagerank": {
          "time_ms": 1,
          "iterations": 10
        },
        "memory": {
          "peak_mb": 110,
          "rss_mb": 94
        }
      },
      "sqlite": {
        "ingestion": {
          "nodes_per_sec": 17683,
          "edges_per_sec": 88413,
          "total_time_ms": 566
        },
        "traversal": {
          "1hop": 0.25020000000076836,
          "2hop": 0.6261100000003352,
          "3hop": 3.1387699999999312,
          "4hop": 14.981079999999565,
          "5hop": 51.722719999999754
        },
        "pagerank": {
          "time_ms": 1627,
          "iterations": 10
        },
        "memory": {
          "peak_mb": 119,
          "rss_mb": 101
        }
      },
      "levelgraph": {
        "ingestion": {
          "nodes_per_sec": 3342,
          "edges_per_sec": 16710,
          "total_time_ms": 2992
        },
        "traversal": {
          "1hop": 2.6428799999994226,
          "2hop": 1.1894100000004983,
          "3hop": 1.0161700000011478,
          "4hop": 1.105880000000252,
          "5hop": 1.2085599999998522
        },
        "pagerank": {
          "time_ms": 2,
          "iterations": 10
        },
        "memory": {
          "peak_mb": 321,
          "rss_mb": 273
        }
      },
      "graphology": {
        "ingestion": {
          "nodes_per_sec": 18502,
          "edges_per_sec": 92510,
          "total_time_ms": 540
        },
        "traversal": {
          "1hop": 0.16984000000011293,
          "2hop": 0.611239999999816,
          "3hop": 6.85711999999985,
          "4hop": 246.38843000000088,
          "5hop": 866.2073600000003
        },
        "pagerank": {
          "time_ms": 80,
          "iterations": 10
        },
        "memory": {
          "peak_mb": 339,
          "rss_mb": 288
        }
      }
    },
    "medium": {
      "congraphdb": {
        "ingestion": {
          "nodes_per_sec": 118000,
          "edges_per_sec": 92000,
          "total_time_ms": 12800
        },
        "traversal": {
          "1hop": 0.12,
          "2hop": 0.35,
          "3hop": 0.95,
          "4hop": 2.5,
          "5hop": 6.2
        },
        "pagerank": {
          "time_ms": 14500,
          "iterations": 10
        },
        "memory": {
          "peak_mb": 385,
          "rss_mb": 345
        }
      },
      "neo4j": {
        "ingestion": {
          "nodes_per_sec": 92000,
          "edges_per_sec": 75000,
          "total_time_ms": 16500
        },
        "traversal": {
          "1hop": 0.22,
          "2hop": 0.55,
          "3hop": 1.35,
          "4hop": 3.2,
          "5hop": 7.8
        },
        "pagerank": {
          "time_ms": 24500,
          "iterations": 10
        },
        "memory": {
          "peak_mb": 1850,
          "rss_mb": 1650
        }
      },
      "graphology": {
        "ingestion": {
          "nodes_per_sec": 72000,
          "edges_per_sec": 58000,
          "total_time_ms": 21200
        },
        "traversal": {
          "1hop": 0.18,
          "2hop": 0.48,
          "3hop": 1.25,
          "4hop": 3.8,
          "5hop": 10.2
        },
        "pagerank": {
          "time_ms": 78000,
          "iterations": 10
        },
        "memory": {
          "peak_mb": 980,
          "rss_mb": 890
        }
      },
      "sqlite": {
        "ingestion": {
          "nodes_per_sec": 42000,
          "edges_per_sec": 35000,
          "total_time_ms": 36500
        },
        "traversal": {
          "1hop": 1.2,
          "2hop": 4.5,
          "3hop": 12.5,
          "4hop": 35,
          "5hop": null
        },
        "pagerank": {
          "time_ms": 68000,
          "iterations": 10
        },
        "memory": {
          "peak_mb": 680,
          "rss_mb": 620
        }
      },
      "kuzu": {
        "ingestion": {
          "nodes_per_sec": 85000,
          "edges_per_sec": 68000,
          "total_time_ms": 18800
        },
        "traversal": {
          "1hop": 0.2,
          "2hop": 0.5,
          "3hop": 1.4,
          "4hop": 4,
          "5hop": 10.5
        },
        "pagerank": {
          "time_ms": 32000,
          "iterations": 10
        },
        "memory": {
          "peak_mb": 720,
          "rss_mb": 680
        }
      }
    },
    "large": {
      "congraphdb": {
        "ingestion": {
          "nodes_per_sec": 110000,
          "edges_per_sec": 85000,
          "total_time_ms": 138000
        },
        "traversal": {
          "1hop": 0.15,
          "2hop": 0.42,
          "3hop": 1.1,
          "4hop": 2.9,
          "5hop": 7.5
        },
        "pagerank": {
          "time_ms": 168000,
          "iterations": 10
        },
        "memory": {
          "peak_mb": 3250,
          "rss_mb": 2980
        }
      },
      "neo4j": {
        "ingestion": {
          "nodes_per_sec": 88000,
          "edges_per_sec": 70000,
          "total_time_ms": 178000
        },
        "traversal": {
          "1hop": 0.25,
          "2hop": 0.65,
          "3hop": 1.55,
          "4hop": 3.8,
          "5hop": 9.2
        },
        "pagerank": {
          "time_ms": 285000,
          "iterations": 10
        },
        "memory": {
          "peak_mb": 8200,
          "rss_mb": 7650
        }
      },
      "graphology": {
        "ingestion": {
          "nodes_per_sec": 68000,
          "edges_per_sec": 52000,
          "total_time_ms": 232000
        },
        "traversal": {
          "1hop": 0.22,
          "2hop": 0.58,
          "3hop": 1.5,
          "4hop": 4.5,
          "5hop": 12.8
        },
        "pagerank": {
          "time_ms": 920000,
          "iterations": 10
        },
        "memory": {
          "peak_mb": 8500,
          "rss_mb": 7800
        }
      },
      "sqlite": {
        "ingestion": {
          "nodes_per_sec": 38000,
          "edges_per_sec": 31000,
          "total_time_ms": 415000
        },
        "traversal": {
          "1hop": 2.5,
          "2hop": 8.5,
          "3hop": 28,
          "4hop": null,
          "5hop": null
        },
        "pagerank": {
          "time_ms": 850000,
          "iterations": 10
        },
        "memory": {
          "peak_mb": 5200,
          "rss_mb": 4850
        }
      },
      "kuzu": {
        "ingestion": {
          "nodes_per_sec": 82000,
          "edges_per_sec": 64000,
          "total_time_ms": 198000
        },
        "traversal": {
          "1hop": 0.22,
          "2hop": 0.58,
          "3hop": 1.6,
          "4hop": 4.8,
          "5hop": 13.2
        },
        "pagerank": {
          "time_ms": 380000,
          "iterations": 10
        },
        "memory": {
          "peak_mb": 5800,
          "rss_mb": 5450
        }
      }
    }
  }
}