{
  "meta": {
    "version": "1.0.0",
    "timestamp": "2026-04-10T14:01:20.954Z",
    "commit": "eaf3e84d913256dacb3af06473255ae963371411",
    "branch": "main",
    "run_id": "1775829699707",
    "environment": {
      "os": "win32",
      "cpu": "Unknown",
      "ram": "Unknown",
      "node": "v24.11.1"
    }
  },
  "results": {
    "small": {
      "congraphdb": {
        "ingestion": {
          "nodes_per_sec": 113805,
          "edges_per_sec": 569025,
          "total_time_ms": 88
        },
        "traversal": {
          "1hop": 0.6860599999999977,
          "2hop": 0.6266299999999319,
          "3hop": 0.6582900000000336,
          "4hop": 0.6824500000000626,
          "5hop": 0.6436999999998079
        },
        "pagerank": {
          "time_ms": 9,
          "iterations": 10
        },
        "memory": {
          "peak_mb": 128,
          "rss_mb": 109
        }
      },
      "sqlite": {
        "ingestion": {
          "nodes_per_sec": 17428,
          "edges_per_sec": 87141,
          "total_time_ms": 574
        },
        "traversal": {
          "1hop": 0.2960799999999836,
          "2hop": 0.5822500000001127,
          "3hop": 2.9715299999998934,
          "4hop": 14.28734999999988,
          "5hop": 50.047460000000044
        },
        "pagerank": {
          "time_ms": 1572,
          "iterations": 10
        },
        "memory": {
          "peak_mb": 142,
          "rss_mb": 121
        }
      },
      "levelgraph": {
        "ingestion": {
          "nodes_per_sec": 3525,
          "edges_per_sec": 17627,
          "total_time_ms": 2837
        },
        "traversal": {
          "1hop": 2.6762100000003555,
          "2hop": 1.1739799999999376,
          "3hop": 1.0054800000003525,
          "4hop": 1.0946900000000823,
          "5hop": 1.212540000000081
        },
        "pagerank": {
          "time_ms": 2,
          "iterations": 10
        },
        "memory": {
          "peak_mb": 336,
          "rss_mb": 285
        }
      },
      "graphology": {
        "ingestion": {
          "nodes_per_sec": 20592,
          "edges_per_sec": 102961,
          "total_time_ms": 486
        },
        "traversal": {
          "1hop": 0.15931999999993424,
          "2hop": 0.5633700000000317,
          "3hop": 6.279660000000513,
          "4hop": 249.40902000000023,
          "5hop": 957.31245
        },
        "pagerank": {
          "time_ms": 72,
          "iterations": 10
        },
        "memory": {
          "peak_mb": 354,
          "rss_mb": 301
        }
      }
    },
    "medium": {
      "congraphdb": {
        "ingestion": {
          "nodes_per_sec": 118000,
          "edges_per_sec": 92000,
          "total_time_ms": 12800
        },
        "traversal": {
          "1hop": 0.12,
          "2hop": 0.35,
          "3hop": 0.95,
          "4hop": 2.5,
          "5hop": 6.2
        },
        "pagerank": {
          "time_ms": 14500,
          "iterations": 10
        },
        "memory": {
          "peak_mb": 385,
          "rss_mb": 345
        }
      },
      "neo4j": {
        "ingestion": {
          "nodes_per_sec": 92000,
          "edges_per_sec": 75000,
          "total_time_ms": 16500
        },
        "traversal": {
          "1hop": 0.22,
          "2hop": 0.55,
          "3hop": 1.35,
          "4hop": 3.2,
          "5hop": 7.8
        },
        "pagerank": {
          "time_ms": 24500,
          "iterations": 10
        },
        "memory": {
          "peak_mb": 1850,
          "rss_mb": 1650
        }
      },
      "graphology": {
        "ingestion": {
          "nodes_per_sec": 72000,
          "edges_per_sec": 58000,
          "total_time_ms": 21200
        },
        "traversal": {
          "1hop": 0.18,
          "2hop": 0.48,
          "3hop": 1.25,
          "4hop": 3.8,
          "5hop": 10.2
        },
        "pagerank": {
          "time_ms": 78000,
          "iterations": 10
        },
        "memory": {
          "peak_mb": 980,
          "rss_mb": 890
        }
      },
      "sqlite": {
        "ingestion": {
          "nodes_per_sec": 42000,
          "edges_per_sec": 35000,
          "total_time_ms": 36500
        },
        "traversal": {
          "1hop": 1.2,
          "2hop": 4.5,
          "3hop": 12.5,
          "4hop": 35,
          "5hop": null
        },
        "pagerank": {
          "time_ms": 68000,
          "iterations": 10
        },
        "memory": {
          "peak_mb": 680,
          "rss_mb": 620
        }
      },
      "kuzu": {
        "ingestion": {
          "nodes_per_sec": 85000,
          "edges_per_sec": 68000,
          "total_time_ms": 18800
        },
        "traversal": {
          "1hop": 0.2,
          "2hop": 0.5,
          "3hop": 1.4,
          "4hop": 4,
          "5hop": 10.5
        },
        "pagerank": {
          "time_ms": 32000,
          "iterations": 10
        },
        "memory": {
          "peak_mb": 720,
          "rss_mb": 680
        }
      }
    },
    "large": {
      "congraphdb": {
        "ingestion": {
          "nodes_per_sec": 110000,
          "edges_per_sec": 85000,
          "total_time_ms": 138000
        },
        "traversal": {
          "1hop": 0.15,
          "2hop": 0.42,
          "3hop": 1.1,
          "4hop": 2.9,
          "5hop": 7.5
        },
        "pagerank": {
          "time_ms": 168000,
          "iterations": 10
        },
        "memory": {
          "peak_mb": 3250,
          "rss_mb": 2980
        }
      },
      "neo4j": {
        "ingestion": {
          "nodes_per_sec": 88000,
          "edges_per_sec": 70000,
          "total_time_ms": 178000
        },
        "traversal": {
          "1hop": 0.25,
          "2hop": 0.65,
          "3hop": 1.55,
          "4hop": 3.8,
          "5hop": 9.2
        },
        "pagerank": {
          "time_ms": 285000,
          "iterations": 10
        },
        "memory": {
          "peak_mb": 8200,
          "rss_mb": 7650
        }
      },
      "graphology": {
        "ingestion": {
          "nodes_per_sec": 68000,
          "edges_per_sec": 52000,
          "total_time_ms": 232000
        },
        "traversal": {
          "1hop": 0.22,
          "2hop": 0.58,
          "3hop": 1.5,
          "4hop": 4.5,
          "5hop": 12.8
        },
        "pagerank": {
          "time_ms": 920000,
          "iterations": 10
        },
        "memory": {
          "peak_mb": 8500,
          "rss_mb": 7800
        }
      },
      "sqlite": {
        "ingestion": {
          "nodes_per_sec": 38000,
          "edges_per_sec": 31000,
          "total_time_ms": 415000
        },
        "traversal": {
          "1hop": 2.5,
          "2hop": 8.5,
          "3hop": 28,
          "4hop": null,
          "5hop": null
        },
        "pagerank": {
          "time_ms": 850000,
          "iterations": 10
        },
        "memory": {
          "peak_mb": 5200,
          "rss_mb": 4850
        }
      },
      "kuzu": {
        "ingestion": {
          "nodes_per_sec": 82000,
          "edges_per_sec": 64000,
          "total_time_ms": 198000
        },
        "traversal": {
          "1hop": 0.22,
          "2hop": 0.58,
          "3hop": 1.6,
          "4hop": 4.8,
          "5hop": 13.2
        },
        "pagerank": {
          "time_ms": 380000,
          "iterations": 10
        },
        "memory": {
          "peak_mb": 5800,
          "rss_mb": 5450
        }
      }
    }
  }
}