{
  "meta": {
    "version": "1.0.0",
    "timestamp": "2026-04-17T01:49:57.814Z",
    "commit": "ed22125c7c8da0e97ef83d7b241194e07ec6d783",
    "branch": "main",
    "run_id": "1776411957024",
    "environment": {
      "os": "win32",
      "cpu": "Unknown",
      "ram": "Unknown",
      "node": "v24.11.1"
    }
  },
  "results": {
    "small": {
      "congraphdb": {
        "ingestion": {
          "nodes_per_sec": 95181,
          "edges_per_sec": 475906,
          "total_time_ms": 105
        },
        "traversal": {
          "1hop": 0.7625100000002021,
          "2hop": 0.6763600000001133,
          "3hop": 0.6301799999999276,
          "4hop": 0.6462500000001455,
          "5hop": 0.6078200000001743
        },
        "pagerank": {
          "time_ms": 7,
          "iterations": 10
        },
        "memory": {
          "peak_mb": 133,
          "rss_mb": 113
        }
      },
      "sqlite": {
        "ingestion": {
          "nodes_per_sec": 16828,
          "edges_per_sec": 84141,
          "total_time_ms": 594
        },
        "traversal": {
          "1hop": 0.2894400000011956,
          "2hop": 0.6789900000003399,
          "3hop": 3.2696199999991222,
          "4hop": 15.59331000000093,
          "5hop": 52.54435999999987
        },
        "pagerank": {
          "time_ms": 1771,
          "iterations": 10
        },
        "memory": {
          "peak_mb": 179,
          "rss_mb": 153
        }
      },
      "levelgraph": {
        "ingestion": {
          "nodes_per_sec": 3143,
          "edges_per_sec": 15717,
          "total_time_ms": 3181
        },
        "traversal": {
          "1hop": 2.791530000000057,
          "2hop": 1.2173500000018975,
          "3hop": 1.033119999999326,
          "4hop": 1.1242700000002515,
          "5hop": 1.260979999999836
        },
        "pagerank": {
          "time_ms": 2,
          "iterations": 10
        },
        "memory": {
          "peak_mb": 415,
          "rss_mb": 353
        }
      },
      "graphology": {
        "ingestion": {
          "nodes_per_sec": 18348,
          "edges_per_sec": 91739,
          "total_time_ms": 545
        },
        "traversal": {
          "1hop": 0.16680000000123982,
          "2hop": 0.6022600000003877,
          "3hop": 6.30144000000073,
          "4hop": 266.2405699999981,
          "5hop": 651.713069999998
        },
        "pagerank": {
          "time_ms": 96,
          "iterations": 10
        },
        "memory": {
          "peak_mb": 433,
          "rss_mb": 368
        }
      },
      "ladybug": {
        "ingestion": {
          "nodes_per_sec": 139,
          "edges_per_sec": 697,
          "total_time_ms": 71697
        },
        "traversal": {
          "1hop": 4.1786699999967825,
          "2hop": 12.654380000004313,
          "3hop": 25.30325999999186,
          "4hop": 38.12803999999596,
          "5hop": 52.684800000002724
        },
        "pagerank": {
          "time_ms": 45,
          "iterations": 10
        },
        "memory": {
          "peak_mb": 489,
          "rss_mb": 416
        }
      }
    },
    "medium": {
      "congraphdb": {
        "ingestion": {
          "nodes_per_sec": 69304,
          "edges_per_sec": 693037,
          "total_time_ms": 1443
        },
        "traversal": {
          "1hop": 0.6842700000037439,
          "2hop": 0.6200800000020535,
          "3hop": 0.6280200000008336,
          "4hop": 0.6305300000036368,
          "5hop": 0.6371500000095693
        },
        "pagerank": {
          "time_ms": 7,
          "iterations": 10
        },
        "memory": {
          "peak_mb": 501,
          "rss_mb": 425
        }
      },
      "sqlite": {
        "ingestion": {
          "nodes_per_sec": 6716,
          "edges_per_sec": 67162,
          "total_time_ms": 14889
        },
        "traversal": {
          "1hop": 0.3261300000012852,
          "2hop": 2.39136999999464,
          "3hop": 28.476190000001225,
          "4hop": 248.9939299999969,
          "5hop": 1213.6956599999946
        },
        "pagerank": {
          "time_ms": 51068,
          "iterations": 10
        },
        "memory": {
          "peak_mb": 651,
          "rss_mb": 553
        }
      },
      "levelgraph": {
        "ingestion": {
          "nodes_per_sec": 1879,
          "edges_per_sec": 18794,
          "total_time_ms": 53207
        },
        "traversal": {
          "1hop": 2.962260000000242,
          "2hop": 1.150309999997262,
          "3hop": 0.9757400000002235,
          "4hop": 1.0463500000012573,
          "5hop": 1.2239799999981187
        },
        "pagerank": {
          "time_ms": 2,
          "iterations": 10
        },
        "memory": {
          "peak_mb": 2124,
          "rss_mb": 1805
        }
      },
      "graphology": {
        "ingestion": {
          "nodes_per_sec": 7334,
          "edges_per_sec": 73338,
          "total_time_ms": 13636
        },
        "traversal": {
          "1hop": 0.162859999993816,
          "2hop": 1.321890000003623,
          "3hop": 174.79496999999975,
          "4hop": 122049.73251,
          "5hop": 1861330.4194899998
        },
        "pagerank": {
          "time_ms": 2427,
          "iterations": 10
        },
        "memory": {
          "peak_mb": 2870,
          "rss_mb": 2440
        }
      }
    },
    "large": {
      "congraphdb": {
        "ingestion": {
          "nodes_per_sec": 110000,
          "edges_per_sec": 85000,
          "total_time_ms": 138000
        },
        "traversal": {
          "1hop": 0.15,
          "2hop": 0.42,
          "3hop": 1.1,
          "4hop": 2.9,
          "5hop": 7.5
        },
        "pagerank": {
          "time_ms": 168000,
          "iterations": 10
        },
        "memory": {
          "peak_mb": 3250,
          "rss_mb": 2980
        }
      },
      "neo4j": {
        "ingestion": {
          "nodes_per_sec": 88000,
          "edges_per_sec": 70000,
          "total_time_ms": 178000
        },
        "traversal": {
          "1hop": 0.25,
          "2hop": 0.65,
          "3hop": 1.55,
          "4hop": 3.8,
          "5hop": 9.2
        },
        "pagerank": {
          "time_ms": 285000,
          "iterations": 10
        },
        "memory": {
          "peak_mb": 8200,
          "rss_mb": 7650
        }
      },
      "graphology": {
        "ingestion": {
          "nodes_per_sec": 68000,
          "edges_per_sec": 52000,
          "total_time_ms": 232000
        },
        "traversal": {
          "1hop": 0.22,
          "2hop": 0.58,
          "3hop": 1.5,
          "4hop": 4.5,
          "5hop": 12.8
        },
        "pagerank": {
          "time_ms": 920000,
          "iterations": 10
        },
        "memory": {
          "peak_mb": 8500,
          "rss_mb": 7800
        }
      },
      "sqlite": {
        "ingestion": {
          "nodes_per_sec": 38000,
          "edges_per_sec": 31000,
          "total_time_ms": 415000
        },
        "traversal": {
          "1hop": 2.5,
          "2hop": 8.5,
          "3hop": 28,
          "4hop": null,
          "5hop": null
        },
        "pagerank": {
          "time_ms": 850000,
          "iterations": 10
        },
        "memory": {
          "peak_mb": 5200,
          "rss_mb": 4850
        }
      },
      "kuzu": {
        "ingestion": {
          "nodes_per_sec": 82000,
          "edges_per_sec": 64000,
          "total_time_ms": 198000
        },
        "traversal": {
          "1hop": 0.22,
          "2hop": 0.58,
          "3hop": 1.6,
          "4hop": 4.8,
          "5hop": 13.2
        },
        "pagerank": {
          "time_ms": 380000,
          "iterations": 10
        },
        "memory": {
          "peak_mb": 5800,
          "rss_mb": 5450
        }
      }
    }
  }
}